0,"(3840, 2160)",jungle-elephant-art-3840x2160_compressed.png
1,"(3840, 2160)",ganesha-3840x2160_compressed.png
2,"(3840, 2160)",black-lamborghini-3840x2160_compressed.png
3,"(7680, 4320)",harley-davidson-black-7680x4320_compressed.png
4,"(3840, 2160)",ying-yang-3840x2160_compressed.png
5,"(7680, 4320)",mila-kunis-7680x4320_compressed.png
6,"(7680, 4320)",zenitsu-7680x4320_compressed.png
7,"(3840, 2160)",avatar-3840x2160_compressed.png
8,"(3840, 2160)",minecraft-gaming-3840x2160_compressed.png
9,"(3840, 2160)",tropical-beach-3840x2160_compressed.png
10,"(7680, 4320)",viking-7680x4320_compressed.png
11,"(7680, 4320)",black-lamborghini-7680x4320_compressed.png
12,"(7680, 4320)",my-little-pony-7680x4320_compressed.png
13,"(3840, 2160)",kawasaki-ninja-h2r-3840x2160_compressed.png
14,"(3840, 2160)",blue-sky-3840x2160_compressed.png
15,"(3840, 2160)",black-stone-3840x2160_compressed.png
16,"(3840, 2160)",soft-pink-roses-3840x2160_compressed.png
17,"(3840, 2160)",bob-odenkirk-3840x2160_compressed.png
18,"(3840, 2160)",wolf-of-wall-street-3840x2160_compressed.png
19,"(7680, 4320)",ying-yang-7680x4320_compressed.png
20,"(3840, 2160)",beautiful-flowers-3840x2160_compressed.png
21,"(7680, 4320)",care-bears-7680x4320_compressed.png
22,"(7680, 4320)",avatar-7680x4320_compressed.png
23,"(7680, 4320)",mammoth-truck-7680x4320_compressed.png
24,"(7680, 4320)",black-flower-7680x4320_compressed.png
25,"(7680, 4320)",wolf-of-wall-street-7680x4320_compressed.png
26,"(7680, 4320)",black-stone-7680x4320_compressed.png
27,"(3840, 2160)",hot-wheels-3840x2160_compressed.png
28,"(7680, 4320)",nissan-gtr-7680x4320_compressed.png
29,"(7680, 4320)",selena-gomez-7680x4320_compressed.png
30,"(7680, 4320)",barbie-7680x4320_compressed.png
31,"(3840, 2160)",spider-3840x2160_compressed.png
32,"(7680, 4320)",tropical-beach-7680x4320_compressed.png
33,"(7680, 4320)",lion-in-the-wild-7680x4320_compressed.png
34,"(7680, 4320)",jungle-elephant-art-7680x4320_compressed.png
35,"(3840, 2160)",f30-bmw-3840x2160_compressed.png
36,"(7680, 4320)",love-candy-7680x4320_compressed.png
37,"(7680, 4320)",blue-sky-7680x4320_compressed.png
38,"(7680, 4320)",winter-7680x4320_compressed.png
39,"(3840, 2160)",mila-kunis-3840x2160_compressed.png
40,"(7680, 4320)",kawasaki-ninja-h2r-7680x4320_compressed.png
41,"(7680, 4320)",minecraft-gaming-7680x4320_compressed.png
42,"(7680, 4320)",ava-max-7680x4320_compressed.png
43,"(3840, 2160)",superman-3840x2160_compressed.png
44,"(3840, 2160)",selena-gomez-3840x2160_compressed.png
45,"(7680, 4320)",bad-bunny-7680x4320_compressed.png
46,"(3840, 2160)",arsenal-3840x2160_compressed.png
47,"(3840, 2160)",motocross-dirtbike-3840x2160_compressed.png
48,"(3840, 2160)",kansas-city-chiefs-3840x2160_compressed.png
49,"(7680, 4320)",black-mountain-7680x4320_compressed.png
50,"(7680, 4320)",beautiful-flowers-7680x4320_compressed.png
51,"(7680, 4320)",batman-hero-7680x4320_compressed.png
52,"(3840, 2160)",ava-max-3840x2160_compressed.png
53,"(7680, 4320)",green-nature-7680x4320_compressed.png
54,"(7680, 4320)",arnold-schwarzenegger-7680x4320_compressed.png
55,"(7680, 4320)",motocross-dirtbike-7680x4320_compressed.png
56,"(7680, 4320)",better-call-saul-art-7680x4320_compressed.png
57,"(7680, 4320)",f30-bmw-7680x4320_compressed.png
58,"(7680, 4320)",liverpool-7680x4320_compressed.png
59,"(3840, 2160)",winter-3840x2160_compressed.png
60,"(3840, 2160)",liverpool-3840x2160_compressed.png
61,"(3840, 2160)",better-call-saul-3840x2160_compressed.png
62,"(7680, 4320)",taylor-swift-7680x4320_compressed.png
63,"(7680, 4320)",moon-7680x4320_compressed.png
64,"(3840, 2160)",nissan-gtr-3840x2160_compressed.png
65,"(3840, 2160)",care-bears-3840x2160_compressed.png
66,"(3840, 2160)",batman-hero-3840x2160_compressed.png
67,"(3840, 2160)",my-little-pony-3840x2160_compressed.png
68,"(3840, 2160)",rengoku-3840x2160_compressed.png
69,"(3840, 2160)",lion-in-the-wild-3840x2160_compressed.png
70,"(3840, 2160)",mammoth-truck-3840x2160_compressed.png
71,"(7680, 4320)",south-park-7680x4320_compressed.png
72,"(7680, 4320)",superman-7680x4320_compressed.png
73,"(7680, 4320)",rengoku-7680x4320_compressed.png
74,"(3840, 2160)",love-candy-3840x2160_compressed.png
75,"(7680, 4320)",soft-pink-roses-7680x4320_compressed.png
76,"(3840, 2160)",viking-3840x2160_compressed.png
77,"(3840, 2160)",barbie-3840x2160_compressed.png
78,"(7680, 4320)",hot-wheels-7680x4320_compressed.png
79,"(3840, 2160)",south-park-3840x2160_compressed.png
80,"(3840, 2160)",better-call-saul-art-3840x2160_compressed.png
81,"(3840, 2160)",harley-davidson-black-3840x2160_compressed.png
82,"(7680, 4320)",bob-odenkirk-7680x4320_compressed.png
83,"(3840, 2160)",bad-bunny-3840x2160_compressed.png
84,"(3840, 2160)",black-flower-3840x2160_compressed.png
85,"(7680, 4320)",spider-7680x4320_compressed.png
86,"(3840, 2160)",arnold-schwarzenegger-3840x2160_compressed.png
87,"(7680, 4320)",better-call-saul-7680x4320_compressed.png
88,"(7680, 4320)",arsenal-7680x4320_compressed.png
89,"(3840, 2160)",moon-3840x2160_compressed.png
90,"(7680, 4320)",ganesha-7680x4320_compressed.png
91,"(3840, 2160)",black-mountain-3840x2160_compressed.png
92,"(3840, 2160)",zenitsu-3840x2160_compressed.png
93,"(7680, 4320)",kansas-city-chiefs-7680x4320_compressed.png
94,"(3840, 2160)",green-nature-3840x2160_compressed.png
95,"(3840, 2160)",taylor-swift-3840x2160_compressed.png
